5.64472e-035,5.64472e-035,5.64472e-035,5.64472e-035,5.64472e-035,5.64472e-035,5.64472e-035,5.64472e-035,5.64472e-035,5.64472e-035,5.64472e-035,5.64472e-035,5.64472e-035,5.64472e-035,
1.38793e-028,1.38793e-028,1.38793e-028,1.38793e-028,1.38793e-028,1.38793e-028,1.38793e-028,1.38793e-028,1.38793e-028,1.38793e-028,1.38793e-028,1.38793e-028,1.38793e-028,1.38793e-028,
6.12776e-028,6.12776e-028,6.12776e-028,6.12776e-028,6.12776e-028,6.12776e-028,6.12776e-028,6.12776e-028,6.12776e-028,6.12776e-028,6.12776e-028,6.12776e-028,6.12776e-028,6.12776e-028,
1.64176e-027,1.64176e-027,1.64176e-027,1.64176e-027,1.64176e-027,1.64176e-027,1.64176e-027,1.64176e-027,1.64176e-027,1.64176e-027,1.64176e-027,1.64176e-027,1.64176e-027,1.64176e-027,
3.83364e-027,3.83364e-027,3.83364e-027,3.83364e-027,3.83364e-027,3.83364e-027,3.83364e-027,3.83364e-027,3.83364e-027,3.83364e-027,3.83364e-027,3.83364e-027,3.83364e-027,3.83364e-027,
9.08322e-027,9.08322e-027,9.08322e-027,9.08322e-027,9.08322e-027,9.08322e-027,9.08322e-027,9.08322e-027,9.08322e-027,9.08322e-027,9.08322e-027,9.08322e-027,9.08322e-027,9.08322e-027,
2.53973e-026,2.53973e-026,2.53973e-026,2.53973e-026,2.53973e-026,2.53973e-026,2.53973e-026,2.53973e-026,2.53973e-026,2.53973e-026,2.53973e-026,2.53973e-026,2.53973e-026,2.53973e-026,
1.20581e-025,1.20581e-025,1.20581e-025,1.20581e-025,1.20581e-025,1.20581e-025,1.20581e-025,1.20581e-025,1.20581e-025,1.20581e-025,1.20581e-025,1.20581e-025,1.20581e-025,1.20581e-025,
0.5,0.5,0.5,0.5,0.5,0.5,0.5,0.5,0.5,0.5,0.5,0.5,0.5,0.5,
1.55797e-025,1.55797e-025,1.55797e-025,1.55797e-025,1.55797e-025,1.55797e-025,1.55797e-025,1.55797e-025,1.55797e-025,1.55797e-025,1.55797e-025,1.55797e-025,1.55797e-025,1.55797e-025,
4.29719e-026,4.29719e-026,4.29719e-026,4.29719e-026,4.29719e-026,4.29719e-026,4.29719e-026,4.29719e-026,4.29719e-026,4.29719e-026,4.29719e-026,4.29719e-026,4.29719e-026,4.29719e-026,
2.07529e-026,2.07529e-026,2.07529e-026,2.07529e-026,2.07529e-026,2.07529e-026,2.07529e-026,2.07529e-026,2.07529e-026,2.07529e-026,2.07529e-026,2.07529e-026,2.07529e-026,2.07529e-026,
1.25834e-026,1.25834e-026,1.25834e-026,1.25834e-026,1.25834e-026,1.25834e-026,1.25834e-026,1.25834e-026,1.25834e-026,1.25834e-026,1.25834e-026,1.25834e-026,1.25834e-026,1.25834e-026,
8.58867e-027,8.58867e-027,8.58867e-027,8.58867e-027,8.58867e-027,8.58867e-027,8.58867e-027,8.58867e-027,8.58867e-027,8.58867e-027,8.58867e-027,8.58867e-027,8.58867e-027,8.58867e-027,
6.30764e-027,6.30764e-027,6.30764e-027,6.30764e-027,6.30764e-027,6.30764e-027,6.30764e-027,6.30764e-027,6.30764e-027,6.30764e-027,6.30764e-027,6.30764e-027,6.30764e-027,6.30764e-027,
4.8987e-027,4.8987e-027,4.8987e-027,4.8987e-027,4.8987e-027,4.8987e-027,4.8987e-027,4.8987e-027,4.8987e-027,4.8987e-027,4.8987e-027,4.8987e-027,4.8987e-027,4.8987e-027,
3.92776e-027,3.92776e-027,3.92776e-027,3.92776e-027,3.92776e-027,3.92776e-027,3.92776e-027,3.92776e-027,3.92776e-027,3.92776e-027,3.92776e-027,3.92776e-027,3.92776e-027,3.92776e-027,
3.23633e-027,3.23633e-027,3.23633e-027,3.23633e-027,3.23633e-027,3.23633e-027,3.23633e-027,3.23633e-027,3.23633e-027,3.23633e-027,3.23633e-027,3.23633e-027,3.23633e-027,3.23633e-027,
2.72756e-027,2.72756e-027,2.72756e-027,2.72756e-027,2.72756e-027,2.72756e-027,2.72756e-027,2.72756e-027,2.72756e-027,2.72756e-027,2.72756e-027,2.72756e-027,2.72756e-027,2.72756e-027,
2.32879e-027,2.32879e-027,2.32879e-027,2.32879e-027,2.32879e-027,2.32879e-027,2.32879e-027,2.32879e-027,2.32879e-027,2.32879e-027,2.32879e-027,2.32879e-027,2.32879e-027,2.32879e-027,
2.03919e-027,2.03919e-027,2.03919e-027,2.03919e-027,2.03919e-027,2.03919e-027,2.03919e-027,2.03919e-027,2.03919e-027,2.03919e-027,2.03919e-027,2.03919e-027,2.03919e-027,2.03919e-027,
1.79808e-027,1.79808e-027,1.79808e-027,1.79808e-027,1.79808e-027,1.79808e-027,1.79808e-027,1.79808e-027,1.79808e-027,1.79808e-027,1.79808e-027,1.79808e-027,1.79808e-027,1.79808e-027,
1.57828e-027,1.57828e-027,1.57828e-027,1.57828e-027,1.57828e-027,1.57828e-027,1.57828e-027,1.57828e-027,1.57828e-027,1.57828e-027,1.57828e-027,1.57828e-027,1.57828e-027,1.57828e-027,
1.43022e-027,1.43022e-027,1.43022e-027,1.43022e-027,1.43022e-027,1.43022e-027,1.43022e-027,1.43022e-027,1.43022e-027,1.43022e-027,1.43022e-027,1.43022e-027,1.43022e-027,1.43022e-027,
8.52461e-015,8.52461e-015,8.52461e-015,8.52461e-015,8.52461e-015,8.52461e-015,8.52461e-015,8.52461e-015,8.52461e-015,8.52461e-015,8.52461e-015,8.52461e-015,8.52461e-015,8.52461e-015,
1.1695e-027,1.1695e-027,1.1695e-027,1.1695e-027,1.1695e-027,1.1695e-027,1.1695e-027,1.1695e-027,1.1695e-027,1.1695e-027,1.1695e-027,1.1695e-027,1.1695e-027,1.1695e-027,
1.06465e-027,1.06465e-027,1.06465e-027,1.06465e-027,1.06465e-027,1.06465e-027,1.06465e-027,1.06465e-027,1.06465e-027,1.06465e-027,1.06465e-027,1.06465e-027,1.06465e-027,1.06465e-027,
9.74157e-028,9.74157e-028,9.74157e-028,9.74157e-028,9.74157e-028,9.74157e-028,9.74157e-028,9.74157e-028,9.74157e-028,9.74157e-028,9.74157e-028,9.74157e-028,9.74157e-028,9.74157e-028,
9.04092e-028,9.04092e-028,9.04092e-028,9.04092e-028,9.04092e-028,9.04092e-028,9.04092e-028,9.04092e-028,9.04092e-028,9.04092e-028,9.04092e-028,9.04092e-028,9.04092e-028,9.04092e-028,
8.28672e-028,8.28672e-028,8.28672e-028,8.28672e-028,8.28672e-028,8.28672e-028,8.28672e-028,8.28672e-028,8.28672e-028,8.28672e-028,8.28672e-028,8.28672e-028,8.28672e-028,8.28672e-028,
7.76751e-028,7.76751e-028,7.76751e-028,7.76751e-028,7.76751e-028,7.76751e-028,7.76751e-028,7.76751e-028,7.76751e-028,7.76751e-028,7.76751e-028,7.76751e-028,7.76751e-028,7.76751e-028,
7.22433e-028,7.22433e-028,7.22433e-028,7.22433e-028,7.22433e-028,7.22433e-028,7.22433e-028,7.22433e-028,7.22433e-028,7.22433e-028,7.22433e-028,7.22433e-028,7.22433e-028,7.22433e-028,
6.77797e-028,6.77797e-028,6.77797e-028,6.77797e-028,6.77797e-028,6.77797e-028,6.77797e-028,6.77797e-028,6.77797e-028,6.77797e-028,6.77797e-028,6.77797e-028,6.77797e-028,6.77797e-028,
6.35089e-028,6.35089e-028,6.35089e-028,6.35089e-028,6.35089e-028,6.35089e-028,6.35089e-028,6.35089e-028,6.35089e-028,6.35089e-028,6.35089e-028,6.35089e-028,6.35089e-028,6.35089e-028,
6.01803e-028,6.01803e-028,6.01803e-028,6.01803e-028,6.01803e-028,6.01803e-028,6.01803e-028,6.01803e-028,6.01803e-028,6.01803e-028,6.01803e-028,6.01803e-028,6.01803e-028,6.01803e-028,
5.76593e-028,5.76593e-028,5.76593e-028,5.76593e-028,5.76593e-028,5.76593e-028,5.76593e-028,5.76593e-028,5.76593e-028,5.76593e-028,5.76593e-028,5.76593e-028,5.76593e-028,5.76593e-028,
5.31209e-028,5.31209e-028,5.31209e-028,5.31209e-028,5.31209e-028,5.31209e-028,5.31209e-028,5.31209e-028,5.31209e-028,5.31209e-028,5.31209e-028,5.31209e-028,5.31209e-028,5.31209e-028,
4.97377e-028,4.97377e-028,4.97377e-028,4.97377e-028,4.97377e-028,4.97377e-028,4.97377e-028,4.97377e-028,4.97377e-028,4.97377e-028,4.97377e-028,4.97377e-028,4.97377e-028,4.97377e-028,
4.69905e-028,4.69905e-028,4.69905e-028,4.69905e-028,4.69905e-028,4.69905e-028,4.69905e-028,4.69905e-028,4.69905e-028,4.69905e-028,4.69905e-028,4.69905e-028,4.69905e-028,4.69905e-028,
4.3737e-028,4.3737e-028,4.3737e-028,4.3737e-028,4.3737e-028,4.3737e-028,4.3737e-028,4.3737e-028,4.3737e-028,4.3737e-028,4.3737e-028,4.3737e-028,4.3737e-028,4.3737e-028,
7.82414e-014,7.82414e-014,7.82414e-014,7.82414e-014,7.82414e-014,7.82414e-014,7.82414e-014,7.82414e-014,7.82414e-014,7.82414e-014,7.82414e-014,7.82414e-014,7.82414e-014,7.82414e-014,
4.33715e-028,4.33715e-028,4.33715e-028,4.33715e-028,4.33715e-028,4.33715e-028,4.33715e-028,4.33715e-028,4.33715e-028,4.33715e-028,4.33715e-028,4.33715e-028,4.33715e-028,4.33715e-028,
4.05404e-028,4.05404e-028,4.05404e-028,4.05404e-028,4.05404e-028,4.05404e-028,4.05404e-028,4.05404e-028,4.05404e-028,4.05404e-028,4.05404e-028,4.05404e-028,4.05404e-028,4.05404e-028,
3.85358e-028,3.85358e-028,3.85358e-028,3.85358e-028,3.85358e-028,3.85358e-028,3.85358e-028,3.85358e-028,3.85358e-028,3.85358e-028,3.85358e-028,3.85358e-028,3.85358e-028,3.85358e-028,
3.81803e-028,3.81803e-028,3.81803e-028,3.81803e-028,3.81803e-028,3.81803e-028,3.81803e-028,3.81803e-028,3.81803e-028,3.81803e-028,3.81803e-028,3.81803e-028,3.81803e-028,3.81803e-028,
3.60998e-028,3.60998e-028,3.60998e-028,3.60998e-028,3.60998e-028,3.60998e-028,3.60998e-028,3.60998e-028,3.60998e-028,3.60998e-028,3.60998e-028,3.60998e-028,3.60998e-028,3.60998e-028,
3.45511e-028,3.45511e-028,3.45511e-028,3.45511e-028,3.45511e-028,3.45511e-028,3.45511e-028,3.45511e-028,3.45511e-028,3.45511e-028,3.45511e-028,3.45511e-028,3.45511e-028,3.45511e-028,
3.30335e-028,3.30335e-028,3.30335e-028,3.30335e-028,3.30335e-028,3.30335e-028,3.30335e-028,3.30335e-028,3.30335e-028,3.30335e-028,3.30335e-028,3.30335e-028,3.30335e-028,3.30335e-028,
3.20635e-028,3.20635e-028,3.20635e-028,3.20635e-028,3.20635e-028,3.20635e-028,3.20635e-028,3.20635e-028,3.20635e-028,3.20635e-028,3.20635e-028,3.20635e-028,3.20635e-028,3.20635e-028,
3.09964e-028,3.09964e-028,3.09964e-028,3.09964e-028,3.09964e-028,3.09964e-028,3.09964e-028,3.09964e-028,3.09964e-028,3.09964e-028,3.09964e-028,3.09964e-028,3.09964e-028,3.09964e-028,
2.94512e-028,2.94512e-028,2.94512e-028,2.94512e-028,2.94512e-028,2.94512e-028,2.94512e-028,2.94512e-028,2.94512e-028,2.94512e-028,2.94512e-028,2.94512e-028,2.94512e-028,2.94512e-028,
2.87501e-028,2.87501e-028,2.87501e-028,2.87501e-028,2.87501e-028,2.87501e-028,2.87501e-028,2.87501e-028,2.87501e-028,2.87501e-028,2.87501e-028,2.87501e-028,2.87501e-028,2.87501e-028,
2.90591e-028,2.90591e-028,2.90591e-028,2.90591e-028,2.90591e-028,2.90591e-028,2.90591e-028,2.90591e-028,2.90591e-028,2.90591e-028,2.90591e-028,2.90591e-028,2.90591e-028,2.90591e-028,
2.74332e-028,2.74332e-028,2.74332e-028,2.74332e-028,2.74332e-028,2.74332e-028,2.74332e-028,2.74332e-028,2.74332e-028,2.74332e-028,2.74332e-028,2.74332e-028,2.74332e-028,2.74332e-028,
2.61308e-028,2.61308e-028,2.61308e-028,2.61308e-028,2.61308e-028,2.61308e-028,2.61308e-028,2.61308e-028,2.61308e-028,2.61308e-028,2.61308e-028,2.61308e-028,2.61308e-028,2.61308e-028,
2.57689e-028,2.57689e-028,2.57689e-028,2.57689e-028,2.57689e-028,2.57689e-028,2.57689e-028,2.57689e-028,2.57689e-028,2.57689e-028,2.57689e-028,2.57689e-028,2.57689e-028,2.57689e-028,
2.10823e-015,2.10823e-015,2.10823e-015,2.10823e-015,2.10823e-015,2.10823e-015,2.10823e-015,2.10823e-015,2.10823e-015,2.10823e-015,2.10823e-015,2.10823e-015,2.10823e-015,2.10823e-015,
2.39748e-028,2.39748e-028,2.39748e-028,2.39748e-028,2.39748e-028,2.39748e-028,2.39748e-028,2.39748e-028,2.39748e-028,2.39748e-028,2.39748e-028,2.39748e-028,2.39748e-028,2.39748e-028,
2.28027e-028,2.28027e-028,2.28027e-028,2.28027e-028,2.28027e-028,2.28027e-028,2.28027e-028,2.28027e-028,2.28027e-028,2.28027e-028,2.28027e-028,2.28027e-028,2.28027e-028,2.28027e-028,
2.30657e-028,2.30657e-028,2.30657e-028,2.30657e-028,2.30657e-028,2.30657e-028,2.30657e-028,2.30657e-028,2.30657e-028,2.30657e-028,2.30657e-028,2.30657e-028,2.30657e-028,2.30657e-028,
2.66119e-028,2.66119e-028,2.66119e-028,2.66119e-028,2.66119e-028,2.66119e-028,2.66119e-028,2.66119e-028,2.66119e-028,2.66119e-028,2.66119e-028,2.66119e-028,2.66119e-028,2.66119e-028,
2.37371e-028,2.37371e-028,2.37371e-028,2.37371e-028,2.37371e-028,2.37371e-028,2.37371e-028,2.37371e-028,2.37371e-028,2.37371e-028,2.37371e-028,2.37371e-028,2.37371e-028,2.37371e-028,
2.60847e-028,2.60847e-028,2.60847e-028,2.60847e-028,2.60847e-028,2.60847e-028,2.60847e-028,2.60847e-028,2.60847e-028,2.60847e-028,2.60847e-028,2.60847e-028,2.60847e-028,2.60847e-028,
2.19709e-028,2.19709e-028,2.19709e-028,2.19709e-028,2.19709e-028,2.19709e-028,2.19709e-028,2.19709e-028,2.19709e-028,2.19709e-028,2.19709e-028,2.19709e-028,2.19709e-028,2.19709e-028,
2.15764e-028,2.15764e-028,2.15764e-028,2.15764e-028,2.15764e-028,2.15764e-028,2.15764e-028,2.15764e-028,2.15764e-028,2.15764e-028,2.15764e-028,2.15764e-028,2.15764e-028,2.15764e-028,
1.98906e-028,1.98906e-028,1.98906e-028,1.98906e-028,1.98906e-028,1.98906e-028,1.98906e-028,1.98906e-028,1.98906e-028,1.98906e-028,1.98906e-028,1.98906e-028,1.98906e-028,1.98906e-028,
2.00248e-028,2.00248e-028,2.00248e-028,2.00248e-028,2.00248e-028,2.00248e-028,2.00248e-028,2.00248e-028,2.00248e-028,2.00248e-028,2.00248e-028,2.00248e-028,2.00248e-028,2.00248e-028,
2.01189e-028,2.01189e-028,2.01189e-028,2.01189e-028,2.01189e-028,2.01189e-028,2.01189e-028,2.01189e-028,2.01189e-028,2.01189e-028,2.01189e-028,2.01189e-028,2.01189e-028,2.01189e-028,
1.99957e-028,1.99957e-028,1.99957e-028,1.99957e-028,1.99957e-028,1.99957e-028,1.99957e-028,1.99957e-028,1.99957e-028,1.99957e-028,1.99957e-028,1.99957e-028,1.99957e-028,1.99957e-028,
1.97575e-028,1.97575e-028,1.97575e-028,1.97575e-028,1.97575e-028,1.97575e-028,1.97575e-028,1.97575e-028,1.97575e-028,1.97575e-028,1.97575e-028,1.97575e-028,1.97575e-028,1.97575e-028,
2.03747e-028,2.03747e-028,2.03747e-028,2.03747e-028,2.03747e-028,2.03747e-028,2.03747e-028,2.03747e-028,2.03747e-028,2.03747e-028,2.03747e-028,2.03747e-028,2.03747e-028,2.03747e-028,
1.82405e-028,1.82405e-028,1.82405e-028,1.82405e-028,1.82405e-028,1.82405e-028,1.82405e-028,1.82405e-028,1.82405e-028,1.82405e-028,1.82405e-028,1.82405e-028,1.82405e-028,1.82405e-028,
4.1172e-017,4.1172e-017,4.1172e-017,4.1172e-017,4.1172e-017,4.1172e-017,4.1172e-017,4.1172e-017,4.1172e-017,4.1172e-017,4.1172e-017,4.1172e-017,4.1172e-017,4.1172e-017,
1.78648e-028,1.78648e-028,1.78648e-028,1.78648e-028,1.78648e-028,1.78648e-028,1.78648e-028,1.78648e-028,1.78648e-028,1.78648e-028,1.78648e-028,1.78648e-028,1.78648e-028,1.78648e-028,
2.00242e-028,2.00242e-028,2.00242e-028,2.00242e-028,2.00242e-028,2.00242e-028,2.00242e-028,2.00242e-028,2.00242e-028,2.00242e-028,2.00242e-028,2.00242e-028,2.00242e-028,2.00242e-028,
1.77703e-028,1.77703e-028,1.77703e-028,1.77703e-028,1.77703e-028,1.77703e-028,1.77703e-028,1.77703e-028,1.77703e-028,1.77703e-028,1.77703e-028,1.77703e-028,1.77703e-028,1.77703e-028,
1.69379e-028,1.69379e-028,1.69379e-028,1.69379e-028,1.69379e-028,1.69379e-028,1.69379e-028,1.69379e-028,1.69379e-028,1.69379e-028,1.69379e-028,1.69379e-028,1.69379e-028,1.69379e-028,
1.93238e-028,1.93238e-028,1.93238e-028,1.93238e-028,1.93238e-028,1.93238e-028,1.93238e-028,1.93238e-028,1.93238e-028,1.93238e-028,1.93238e-028,1.93238e-028,1.93238e-028,1.93238e-028,
1.98817e-028,1.98817e-028,1.98817e-028,1.98817e-028,1.98817e-028,1.98817e-028,1.98817e-028,1.98817e-028,1.98817e-028,1.98817e-028,1.98817e-028,1.98817e-028,1.98817e-028,1.98817e-028,
1.69062e-028,1.69062e-028,1.69062e-028,1.69062e-028,1.69062e-028,1.69062e-028,1.69062e-028,1.69062e-028,1.69062e-028,1.69062e-028,1.69062e-028,1.69062e-028,1.69062e-028,1.69062e-028,
1.71345e-028,1.71345e-028,1.71345e-028,1.71345e-028,1.71345e-028,1.71345e-028,1.71345e-028,1.71345e-028,1.71345e-028,1.71345e-028,1.71345e-028,1.71345e-028,1.71345e-028,1.71345e-028,
1.7356e-028,1.7356e-028,1.7356e-028,1.7356e-028,1.7356e-028,1.7356e-028,1.7356e-028,1.7356e-028,1.7356e-028,1.7356e-028,1.7356e-028,1.7356e-028,1.7356e-028,1.7356e-028,
1.75332e-028,1.75332e-028,1.75332e-028,1.75332e-028,1.75332e-028,1.75332e-028,1.75332e-028,1.75332e-028,1.75332e-028,1.75332e-028,1.75332e-028,1.75332e-028,1.75332e-028,1.75332e-028,
1.71783e-028,1.71783e-028,1.71783e-028,1.71783e-028,1.71783e-028,1.71783e-028,1.71783e-028,1.71783e-028,1.71783e-028,1.71783e-028,1.71783e-028,1.71783e-028,1.71783e-028,1.71783e-028,
1.7703e-028,1.7703e-028,1.7703e-028,1.7703e-028,1.7703e-028,1.7703e-028,1.7703e-028,1.7703e-028,1.7703e-028,1.7703e-028,1.7703e-028,1.7703e-028,1.7703e-028,1.7703e-028,
2.06412e-028,2.06412e-028,2.06412e-028,2.06412e-028,2.06412e-028,2.06412e-028,2.06412e-028,2.06412e-028,2.06412e-028,2.06412e-028,2.06412e-028,2.06412e-028,2.06412e-028,2.06412e-028,
3.16567e-028,3.16567e-028,3.16567e-028,3.16567e-028,3.16567e-028,3.16567e-028,3.16567e-028,3.16567e-028,3.16567e-028,3.16567e-028,3.16567e-028,3.16567e-028,3.16567e-028,3.16567e-028,
1.58265e-028,1.58265e-028,1.58265e-028,1.58265e-028,1.58265e-028,1.58265e-028,1.58265e-028,1.58265e-028,1.58265e-028,1.58265e-028,1.58265e-028,1.58265e-028,1.58265e-028,1.58265e-028,
4.21662e-016,4.21662e-016,4.21662e-016,4.21662e-016,4.21662e-016,4.21662e-016,4.21662e-016,4.21662e-016,4.21662e-016,4.21662e-016,4.21662e-016,4.21662e-016,4.21662e-016,4.21662e-016,
1.45463e-028,1.45463e-028,1.45463e-028,1.45463e-028,1.45463e-028,1.45463e-028,1.45463e-028,1.45463e-028,1.45463e-028,1.45463e-028,1.45463e-028,1.45463e-028,1.45463e-028,1.45463e-028,
1.73167e-028,1.73167e-028,1.73167e-028,1.73167e-028,1.73167e-028,1.73167e-028,1.73167e-028,1.73167e-028,1.73167e-028,1.73167e-028,1.73167e-028,1.73167e-028,1.73167e-028,1.73167e-028,
1.66857e-028,1.66857e-028,1.66857e-028,1.66857e-028,1.66857e-028,1.66857e-028,1.66857e-028,1.66857e-028,1.66857e-028,1.66857e-028,1.66857e-028,1.66857e-028,1.66857e-028,1.66857e-028,
1.59437e-028,1.59437e-028,1.59437e-028,1.59437e-028,1.59437e-028,1.59437e-028,1.59437e-028,1.59437e-028,1.59437e-028,1.59437e-028,1.59437e-028,1.59437e-028,1.59437e-028,1.59437e-028,
1.61264e-028,1.61264e-028,1.61264e-028,1.61264e-028,1.61264e-028,1.61264e-028,1.61264e-028,1.61264e-028,1.61264e-028,1.61264e-028,1.61264e-028,1.61264e-028,1.61264e-028,1.61264e-028,
1.655e-028,1.655e-028,1.655e-028,1.655e-028,1.655e-028,1.655e-028,1.655e-028,1.655e-028,1.655e-028,1.655e-028,1.655e-028,1.655e-028,1.655e-028,1.655e-028,
1.72456e-028,1.72456e-028,1.72456e-028,1.72456e-028,1.72456e-028,1.72456e-028,1.72456e-028,1.72456e-028,1.72456e-028,1.72456e-028,1.72456e-028,1.72456e-028,1.72456e-028,1.72456e-028,
1.60268e-028,1.60268e-028,1.60268e-028,1.60268e-028,1.60268e-028,1.60268e-028,1.60268e-028,1.60268e-028,1.60268e-028,1.60268e-028,1.60268e-028,1.60268e-028,1.60268e-028,1.60268e-028,
1.46551e-028,1.46551e-028,1.46551e-028,1.46551e-028,1.46551e-028,1.46551e-028,1.46551e-028,1.46551e-028,1.46551e-028,1.46551e-028,1.46551e-028,1.46551e-028,1.46551e-028,1.46551e-028,
1.58097e-028,1.58097e-028,1.58097e-028,1.58097e-028,1.58097e-028,1.58097e-028,1.58097e-028,1.58097e-028,1.58097e-028,1.58097e-028,1.58097e-028,1.58097e-028,1.58097e-028,1.58097e-028,
1.75786e-028,1.75786e-028,1.75786e-028,1.75786e-028,1.75786e-028,1.75786e-028,1.75786e-028,1.75786e-028,1.75786e-028,1.75786e-028,1.75786e-028,1.75786e-028,1.75786e-028,1.75786e-028,
1.51385e-028,1.51385e-028,1.51385e-028,1.51385e-028,1.51385e-028,1.51385e-028,1.51385e-028,1.51385e-028,1.51385e-028,1.51385e-028,1.51385e-028,1.51385e-028,1.51385e-028,1.51385e-028,
1.64281e-028,1.64281e-028,1.64281e-028,1.64281e-028,1.64281e-028,1.64281e-028,1.64281e-028,1.64281e-028,1.64281e-028,1.64281e-028,1.64281e-028,1.64281e-028,1.64281e-028,1.64281e-028,
1.65029e-028,1.65029e-028,1.65029e-028,1.65029e-028,1.65029e-028,1.65029e-028,1.65029e-028,1.65029e-028,1.65029e-028,1.65029e-028,1.65029e-028,1.65029e-028,1.65029e-028,1.65029e-028,
2.14723e-028,2.14723e-028,2.14723e-028,2.14723e-028,2.14723e-028,2.14723e-028,2.14723e-028,2.14723e-028,2.14723e-028,2.14723e-028,2.14723e-028,2.14723e-028,2.14723e-028,2.14723e-028,
3.30011e-015,3.30011e-015,3.30011e-015,3.30011e-015,3.30011e-015,3.30011e-015,3.30011e-015,3.30011e-015,3.30011e-015,3.30011e-015,3.30011e-015,3.30011e-015,3.30011e-015,3.30011e-015,
2.57357e-028,2.57357e-028,2.57357e-028,2.57357e-028,2.57357e-028,2.57357e-028,2.57357e-028,2.57357e-028,2.57357e-028,2.57357e-028,2.57357e-028,2.57357e-028,2.57357e-028,2.57357e-028,
1.34595e-028,1.34595e-028,1.34595e-028,1.34595e-028,1.34595e-028,1.34595e-028,1.34595e-028,1.34595e-028,1.34595e-028,1.34595e-028,1.34595e-028,1.34595e-028,1.34595e-028,1.34595e-028,
1.61531e-028,1.61531e-028,1.61531e-028,1.61531e-028,1.61531e-028,1.61531e-028,1.61531e-028,1.61531e-028,1.61531e-028,1.61531e-028,1.61531e-028,1.61531e-028,1.61531e-028,1.61531e-028,
1.67207e-028,1.67207e-028,1.67207e-028,1.67207e-028,1.67207e-028,1.67207e-028,1.67207e-028,1.67207e-028,1.67207e-028,1.67207e-028,1.67207e-028,1.67207e-028,1.67207e-028,1.67207e-028,
3.40769e-028,3.40769e-028,3.40769e-028,3.40769e-028,3.40769e-028,3.40769e-028,3.40769e-028,3.40769e-028,3.40769e-028,3.40769e-028,3.40769e-028,3.40769e-028,3.40769e-028,3.40769e-028,
2.19744e-028,2.19744e-028,2.19744e-028,2.19744e-028,2.19744e-028,2.19744e-028,2.19744e-028,2.19744e-028,2.19744e-028,2.19744e-028,2.19744e-028,2.19744e-028,2.19744e-028,2.19744e-028,
1.83131e-028,1.83131e-028,1.83131e-028,1.83131e-028,1.83131e-028,1.83131e-028,1.83131e-028,1.83131e-028,1.83131e-028,1.83131e-028,1.83131e-028,1.83131e-028,1.83131e-028,1.83131e-028,
1.99079e-028,1.99079e-028,1.99079e-028,1.99079e-028,1.99079e-028,1.99079e-028,1.99079e-028,1.99079e-028,1.99079e-028,1.99079e-028,1.99079e-028,1.99079e-028,1.99079e-028,1.99079e-028,
1.72025e-028,1.72025e-028,1.72025e-028,1.72025e-028,1.72025e-028,1.72025e-028,1.72025e-028,1.72025e-028,1.72025e-028,1.72025e-028,1.72025e-028,1.72025e-028,1.72025e-028,1.72025e-028,
1.75308e-028,1.75308e-028,1.75308e-028,1.75308e-028,1.75308e-028,1.75308e-028,1.75308e-028,1.75308e-028,1.75308e-028,1.75308e-028,1.75308e-028,1.75308e-028,1.75308e-028,1.75308e-028,
1.64927e-028,1.64927e-028,1.64927e-028,1.64927e-028,1.64927e-028,1.64927e-028,1.64927e-028,1.64927e-028,1.64927e-028,1.64927e-028,1.64927e-028,1.64927e-028,1.64927e-028,1.64927e-028,
1.79585e-028,1.79585e-028,1.79585e-028,1.79585e-028,1.79585e-028,1.79585e-028,1.79585e-028,1.79585e-028,1.79585e-028,1.79585e-028,1.79585e-028,1.79585e-028,1.79585e-028,1.79585e-028,
1.66421e-028,1.66421e-028,1.66421e-028,1.66421e-028,1.66421e-028,1.66421e-028,1.66421e-028,1.66421e-028,1.66421e-028,1.66421e-028,1.66421e-028,1.66421e-028,1.66421e-028,1.66421e-028,
1.71338e-028,1.71338e-028,1.71338e-028,1.71338e-028,1.71338e-028,1.71338e-028,1.71338e-028,1.71338e-028,1.71338e-028,1.71338e-028,1.71338e-028,1.71338e-028,1.71338e-028,1.71338e-028,
1.683e-028,1.683e-028,1.683e-028,1.683e-028,1.683e-028,1.683e-028,1.683e-028,1.683e-028,1.683e-028,1.683e-028,1.683e-028,1.683e-028,1.683e-028,1.683e-028,
1.00149e-014,1.00149e-014,1.00149e-014,1.00149e-014,1.00149e-014,1.00149e-014,1.00149e-014,1.00149e-014,1.00149e-014,1.00149e-014,1.00149e-014,1.00149e-014,1.00149e-014,1.00149e-014,
1.9411e-028,1.9411e-028,1.9411e-028,1.9411e-028,1.9411e-028,1.9411e-028,1.9411e-028,1.9411e-028,1.9411e-028,1.9411e-028,1.9411e-028,1.9411e-028,1.9411e-028,1.9411e-028,
2.41593e-028,2.41593e-028,2.41593e-028,2.41593e-028,2.41593e-028,2.41593e-028,2.41593e-028,2.41593e-028,2.41593e-028,2.41593e-028,2.41593e-028,2.41593e-028,2.41593e-028,2.41593e-028,
1.97098e-028,1.97098e-028,1.97098e-028,1.97098e-028,1.97098e-028,1.97098e-028,1.97098e-028,1.97098e-028,1.97098e-028,1.97098e-028,1.97098e-028,1.97098e-028,1.97098e-028,1.97098e-028,
2.33056e-028,2.33056e-028,2.33056e-028,2.33056e-028,2.33056e-028,2.33056e-028,2.33056e-028,2.33056e-028,2.33056e-028,2.33056e-028,2.33056e-028,2.33056e-028,2.33056e-028,2.33056e-028,
3.36601e-028,3.36601e-028,3.36601e-028,3.36601e-028,3.36601e-028,3.36601e-028,3.36601e-028,3.36601e-028,3.36601e-028,3.36601e-028,3.36601e-028,3.36601e-028,3.36601e-028,3.36601e-028,
2.442e-028,2.442e-028,2.442e-028,2.442e-028,2.442e-028,2.442e-028,2.442e-028,2.442e-028,2.442e-028,2.442e-028,2.442e-028,2.442e-028,2.442e-028,2.442e-028,
2.19578e-028,2.19578e-028,2.19578e-028,2.19578e-028,2.19578e-028,2.19578e-028,2.19578e-028,2.19578e-028,2.19578e-028,2.19578e-028,2.19578e-028,2.19578e-028,2.19578e-028,2.19578e-028,
2.12993e-028,2.12993e-028,2.12993e-028,2.12993e-028,2.12993e-028,2.12993e-028,2.12993e-028,2.12993e-028,2.12993e-028,2.12993e-028,2.12993e-028,2.12993e-028,2.12993e-028,2.12993e-028,
1.89558e-028,1.89558e-028,1.89558e-028,1.89558e-028,1.89558e-028,1.89558e-028,1.89558e-028,1.89558e-028,1.89558e-028,1.89558e-028,1.89558e-028,1.89558e-028,1.89558e-028,1.89558e-028,
2.11579e-028,2.11579e-028,2.11579e-028,2.11579e-028,2.11579e-028,2.11579e-028,2.11579e-028,2.11579e-028,2.11579e-028,2.11579e-028,2.11579e-028,2.11579e-028,2.11579e-028,2.11579e-028,
4.22993e-028,4.22993e-028,4.22993e-028,4.22993e-028,4.22993e-028,4.22993e-028,4.22993e-028,4.22993e-028,4.22993e-028,4.22993e-028,4.22993e-028,4.22993e-028,4.22993e-028,4.22993e-028,
2.80525e-028,2.80525e-028,2.80525e-028,2.80525e-028,2.80525e-028,2.80525e-028,2.80525e-028,2.80525e-028,2.80525e-028,2.80525e-028,2.80525e-028,2.80525e-028,2.80525e-028,2.80525e-028,
2.4886e-028,2.4886e-028,2.4886e-028,2.4886e-028,2.4886e-028,2.4886e-028,2.4886e-028,2.4886e-028,2.4886e-028,2.4886e-028,2.4886e-028,2.4886e-028,2.4886e-028,2.4886e-028,
2.36235e-028,2.36235e-028,2.36235e-028,2.36235e-028,2.36235e-028,2.36235e-028,2.36235e-028,2.36235e-028,2.36235e-028,2.36235e-028,2.36235e-028,2.36235e-028,2.36235e-028,2.36235e-028,
2.45465e-028,2.45465e-028,2.45465e-028,2.45465e-028,2.45465e-028,2.45465e-028,2.45465e-028,2.45465e-028,2.45465e-028,2.45465e-028,2.45465e-028,2.45465e-028,2.45465e-028,2.45465e-028,
1.00149e-014,1.00149e-014,1.00149e-014,1.00149e-014,1.00149e-014,1.00149e-014,1.00149e-014,1.00149e-014,1.00149e-014,1.00149e-014,1.00149e-014,1.00149e-014,1.00149e-014,1.00149e-014,
2.4558e-028,2.4558e-028,2.4558e-028,2.4558e-028,2.4558e-028,2.4558e-028,2.4558e-028,2.4558e-028,2.4558e-028,2.4558e-028,2.4558e-028,2.4558e-028,2.4558e-028,2.4558e-028,
2.75739e-028,2.75739e-028,2.75739e-028,2.75739e-028,2.75739e-028,2.75739e-028,2.75739e-028,2.75739e-028,2.75739e-028,2.75739e-028,2.75739e-028,2.75739e-028,2.75739e-028,2.75739e-028,
2.70371e-028,2.70371e-028,2.70371e-028,2.70371e-028,2.70371e-028,2.70371e-028,2.70371e-028,2.70371e-028,2.70371e-028,2.70371e-028,2.70371e-028,2.70371e-028,2.70371e-028,2.70371e-028,
2.66765e-028,2.66765e-028,2.66765e-028,2.66765e-028,2.66765e-028,2.66765e-028,2.66765e-028,2.66765e-028,2.66765e-028,2.66765e-028,2.66765e-028,2.66765e-028,2.66765e-028,2.66765e-028,
2.76894e-028,2.76894e-028,2.76894e-028,2.76894e-028,2.76894e-028,2.76894e-028,2.76894e-028,2.76894e-028,2.76894e-028,2.76894e-028,2.76894e-028,2.76894e-028,2.76894e-028,2.76894e-028,
2.65725e-028,2.65725e-028,2.65725e-028,2.65725e-028,2.65725e-028,2.65725e-028,2.65725e-028,2.65725e-028,2.65725e-028,2.65725e-028,2.65725e-028,2.65725e-028,2.65725e-028,2.65725e-028,
2.77416e-028,2.77416e-028,2.77416e-028,2.77416e-028,2.77416e-028,2.77416e-028,2.77416e-028,2.77416e-028,2.77416e-028,2.77416e-028,2.77416e-028,2.77416e-028,2.77416e-028,2.77416e-028,
2.5357e-028,2.5357e-028,2.5357e-028,2.5357e-028,2.5357e-028,2.5357e-028,2.5357e-028,2.5357e-028,2.5357e-028,2.5357e-028,2.5357e-028,2.5357e-028,2.5357e-028,2.5357e-028,
3.1823e-028,3.1823e-028,3.1823e-028,3.1823e-028,3.1823e-028,3.1823e-028,3.1823e-028,3.1823e-028,3.1823e-028,3.1823e-028,3.1823e-028,3.1823e-028,3.1823e-028,3.1823e-028,
3.14011e-028,3.14011e-028,3.14011e-028,3.14011e-028,3.14011e-028,3.14011e-028,3.14011e-028,3.14011e-028,3.14011e-028,3.14011e-028,3.14011e-028,3.14011e-028,3.14011e-028,3.14011e-028,
6.43262e-028,6.43262e-028,6.43262e-028,6.43262e-028,6.43262e-028,6.43262e-028,6.43262e-028,6.43262e-028,6.43262e-028,6.43262e-028,6.43262e-028,6.43262e-028,6.43262e-028,6.43262e-028,
3.81976e-028,3.81976e-028,3.81976e-028,3.81976e-028,3.81976e-028,3.81976e-028,3.81976e-028,3.81976e-028,3.81976e-028,3.81976e-028,3.81976e-028,3.81976e-028,3.81976e-028,3.81976e-028,
3.279e-028,3.279e-028,3.279e-028,3.279e-028,3.279e-028,3.279e-028,3.279e-028,3.279e-028,3.279e-028,3.279e-028,3.279e-028,3.279e-028,3.279e-028,3.279e-028,
3.72562e-028,3.72562e-028,3.72562e-028,3.72562e-028,3.72562e-028,3.72562e-028,3.72562e-028,3.72562e-028,3.72562e-028,3.72562e-028,3.72562e-028,3.72562e-028,3.72562e-028,3.72562e-028,
3.34775e-028,3.34775e-028,3.34775e-028,3.34775e-028,3.34775e-028,3.34775e-028,3.34775e-028,3.34775e-028,3.34775e-028,3.34775e-028,3.34775e-028,3.34775e-028,3.34775e-028,3.34775e-028,
3.30011e-015,3.30011e-015,3.30011e-015,3.30011e-015,3.30011e-015,3.30011e-015,3.30011e-015,3.30011e-015,3.30011e-015,3.30011e-015,3.30011e-015,3.30011e-015,3.30011e-015,3.30011e-015,
3.7379e-028,3.7379e-028,3.7379e-028,3.7379e-028,3.7379e-028,3.7379e-028,3.7379e-028,3.7379e-028,3.7379e-028,3.7379e-028,3.7379e-028,3.7379e-028,3.7379e-028,3.7379e-028,
4.38449e-028,4.38449e-028,4.38449e-028,4.38449e-028,4.38449e-028,4.38449e-028,4.38449e-028,4.38449e-028,4.38449e-028,4.38449e-028,4.38449e-028,4.38449e-028,4.38449e-028,4.38449e-028,
4.08792e-028,4.08792e-028,4.08792e-028,4.08792e-028,4.08792e-028,4.08792e-028,4.08792e-028,4.08792e-028,4.08792e-028,4.08792e-028,4.08792e-028,4.08792e-028,4.08792e-028,4.08792e-028,
4.05099e-028,4.05099e-028,4.05099e-028,4.05099e-028,4.05099e-028,4.05099e-028,4.05099e-028,4.05099e-028,4.05099e-028,4.05099e-028,4.05099e-028,4.05099e-028,4.05099e-028,4.05099e-028,
4.26048e-028,4.26048e-028,4.26048e-028,4.26048e-028,4.26048e-028,4.26048e-028,4.26048e-028,4.26048e-028,4.26048e-028,4.26048e-028,4.26048e-028,4.26048e-028,4.26048e-028,4.26048e-028,
4.17916e-028,4.17916e-028,4.17916e-028,4.17916e-028,4.17916e-028,4.17916e-028,4.17916e-028,4.17916e-028,4.17916e-028,4.17916e-028,4.17916e-028,4.17916e-028,4.17916e-028,4.17916e-028,
4.33623e-028,4.33623e-028,4.33623e-028,4.33623e-028,4.33623e-028,4.33623e-028,4.33623e-028,4.33623e-028,4.33623e-028,4.33623e-028,4.33623e-028,4.33623e-028,4.33623e-028,4.33623e-028,
5.19288e-028,5.19288e-028,5.19288e-028,5.19288e-028,5.19288e-028,5.19288e-028,5.19288e-028,5.19288e-028,5.19288e-028,5.19288e-028,5.19288e-028,5.19288e-028,5.19288e-028,5.19288e-028,
5.14885e-028,5.14885e-028,5.14885e-028,5.14885e-028,5.14885e-028,5.14885e-028,5.14885e-028,5.14885e-028,5.14885e-028,5.14885e-028,5.14885e-028,5.14885e-028,5.14885e-028,5.14885e-028,
4.97371e-028,4.97371e-028,4.97371e-028,4.97371e-028,4.97371e-028,4.97371e-028,4.97371e-028,4.97371e-028,4.97371e-028,4.97371e-028,4.97371e-028,4.97371e-028,4.97371e-028,4.97371e-028,
5.31095e-028,5.31095e-028,5.31095e-028,5.31095e-028,5.31095e-028,5.31095e-028,5.31095e-028,5.31095e-028,5.31095e-028,5.31095e-028,5.31095e-028,5.31095e-028,5.31095e-028,5.31095e-028,
5.21094e-028,5.21094e-028,5.21094e-028,5.21094e-028,5.21094e-028,5.21094e-028,5.21094e-028,5.21094e-028,5.21094e-028,5.21094e-028,5.21094e-028,5.21094e-028,5.21094e-028,5.21094e-028,
5.16543e-028,5.16543e-028,5.16543e-028,5.16543e-028,5.16543e-028,5.16543e-028,5.16543e-028,5.16543e-028,5.16543e-028,5.16543e-028,5.16543e-028,5.16543e-028,5.16543e-028,5.16543e-028,
5.05931e-028,5.05931e-028,5.05931e-028,5.05931e-028,5.05931e-028,5.05931e-028,5.05931e-028,5.05931e-028,5.05931e-028,5.05931e-028,5.05931e-028,5.05931e-028,5.05931e-028,5.05931e-028,
5.78193e-028,5.78193e-028,5.78193e-028,5.78193e-028,5.78193e-028,5.78193e-028,5.78193e-028,5.78193e-028,5.78193e-028,5.78193e-028,5.78193e-028,5.78193e-028,5.78193e-028,5.78193e-028,
4.21663e-016,4.21663e-016,4.21663e-016,4.21663e-016,4.21663e-016,4.21663e-016,4.21663e-016,4.21663e-016,4.21663e-016,4.21663e-016,4.21663e-016,4.21663e-016,4.21663e-016,4.21663e-016,
7.0917e-028,7.0917e-028,7.0917e-028,7.0917e-028,7.0917e-028,7.0917e-028,7.0917e-028,7.0917e-028,7.0917e-028,7.0917e-028,7.0917e-028,7.0917e-028,7.0917e-028,7.0917e-028,
6.43221e-028,6.43221e-028,6.43221e-028,6.43221e-028,6.43221e-028,6.43221e-028,6.43221e-028,6.43221e-028,6.43221e-028,6.43221e-028,6.43221e-028,6.43221e-028,6.43221e-028,6.43221e-028,
6.98052e-028,6.98052e-028,6.98052e-028,6.98052e-028,6.98052e-028,6.98052e-028,6.98052e-028,6.98052e-028,6.98052e-028,6.98052e-028,6.98052e-028,6.98052e-028,6.98052e-028,6.98052e-028,
8.34715e-028,8.34715e-028,8.34715e-028,8.34715e-028,8.34715e-028,8.34715e-028,8.34715e-028,8.34715e-028,8.34715e-028,8.34715e-028,8.34715e-028,8.34715e-028,8.34715e-028,8.34715e-028,
7.88536e-028,7.88536e-028,7.88536e-028,7.88536e-028,7.88536e-028,7.88536e-028,7.88536e-028,7.88536e-028,7.88536e-028,7.88536e-028,7.88536e-028,7.88536e-028,7.88536e-028,7.88536e-028,
7.75254e-028,7.75254e-028,7.75254e-028,7.75254e-028,7.75254e-028,7.75254e-028,7.75254e-028,7.75254e-028,7.75254e-028,7.75254e-028,7.75254e-028,7.75254e-028,7.75254e-028,7.75254e-028,
8.23614e-028,8.23614e-028,8.23614e-028,8.23614e-028,8.23614e-028,8.23614e-028,8.23614e-028,8.23614e-028,8.23614e-028,8.23614e-028,8.23614e-028,8.23614e-028,8.23614e-028,8.23614e-028,
8.74278e-028,8.74278e-028,8.74278e-028,8.74278e-028,8.74278e-028,8.74278e-028,8.74278e-028,8.74278e-028,8.74278e-028,8.74278e-028,8.74278e-028,8.74278e-028,8.74278e-028,8.74278e-028,
8.89116e-028,8.89116e-028,8.89116e-028,8.89116e-028,8.89116e-028,8.89116e-028,8.89116e-028,8.89116e-028,8.89116e-028,8.89116e-028,8.89116e-028,8.89116e-028,8.89116e-028,8.89116e-028,
1.05885e-027,1.05885e-027,1.05885e-027,1.05885e-027,1.05885e-027,1.05885e-027,1.05885e-027,1.05885e-027,1.05885e-027,1.05885e-027,1.05885e-027,1.05885e-027,1.05885e-027,1.05885e-027,
1.10785e-027,1.10785e-027,1.10785e-027,1.10785e-027,1.10785e-027,1.10785e-027,1.10785e-027,1.10785e-027,1.10785e-027,1.10785e-027,1.10785e-027,1.10785e-027,1.10785e-027,1.10785e-027,
1.02713e-027,1.02713e-027,1.02713e-027,1.02713e-027,1.02713e-027,1.02713e-027,1.02713e-027,1.02713e-027,1.02713e-027,1.02713e-027,1.02713e-027,1.02713e-027,1.02713e-027,1.02713e-027,
1.06072e-027,1.06072e-027,1.06072e-027,1.06072e-027,1.06072e-027,1.06072e-027,1.06072e-027,1.06072e-027,1.06072e-027,1.06072e-027,1.06072e-027,1.06072e-027,1.06072e-027,1.06072e-027,
1.09617e-027,1.09617e-027,1.09617e-027,1.09617e-027,1.09617e-027,1.09617e-027,1.09617e-027,1.09617e-027,1.09617e-027,1.09617e-027,1.09617e-027,1.09617e-027,1.09617e-027,1.09617e-027,
8.83433e-028,8.83433e-028,8.83433e-028,8.83433e-028,8.83433e-028,8.83433e-028,8.83433e-028,8.83433e-028,8.83433e-028,8.83433e-028,8.83433e-028,8.83433e-028,8.83433e-028,8.83433e-028,
4.11713e-017,4.11713e-017,4.11713e-017,4.11713e-017,4.11713e-017,4.11713e-017,4.11713e-017,4.11713e-017,4.11713e-017,4.11713e-017,4.11713e-017,4.11713e-017,4.11713e-017,4.11713e-017,
1.33413e-027,1.33413e-027,1.33413e-027,1.33413e-027,1.33413e-027,1.33413e-027,1.33413e-027,1.33413e-027,1.33413e-027,1.33413e-027,1.33413e-027,1.33413e-027,1.33413e-027,1.33413e-027,
1.40445e-027,1.40445e-027,1.40445e-027,1.40445e-027,1.40445e-027,1.40445e-027,1.40445e-027,1.40445e-027,1.40445e-027,1.40445e-027,1.40445e-027,1.40445e-027,1.40445e-027,1.40445e-027,
1.43467e-027,1.43467e-027,1.43467e-027,1.43467e-027,1.43467e-027,1.43467e-027,1.43467e-027,1.43467e-027,1.43467e-027,1.43467e-027,1.43467e-027,1.43467e-027,1.43467e-027,1.43467e-027,
1.56181e-027,1.56181e-027,1.56181e-027,1.56181e-027,1.56181e-027,1.56181e-027,1.56181e-027,1.56181e-027,1.56181e-027,1.56181e-027,1.56181e-027,1.56181e-027,1.56181e-027,1.56181e-027,
1.62736e-027,1.62736e-027,1.62736e-027,1.62736e-027,1.62736e-027,1.62736e-027,1.62736e-027,1.62736e-027,1.62736e-027,1.62736e-027,1.62736e-027,1.62736e-027,1.62736e-027,1.62736e-027,
1.65481e-027,1.65481e-027,1.65481e-027,1.65481e-027,1.65481e-027,1.65481e-027,1.65481e-027,1.65481e-027,1.65481e-027,1.65481e-027,1.65481e-027,1.65481e-027,1.65481e-027,1.65481e-027,
1.73201e-027,1.73201e-027,1.73201e-027,1.73201e-027,1.73201e-027,1.73201e-027,1.73201e-027,1.73201e-027,1.73201e-027,1.73201e-027,1.73201e-027,1.73201e-027,1.73201e-027,1.73201e-027,
1.89795e-027,1.89795e-027,1.89795e-027,1.89795e-027,1.89795e-027,1.89795e-027,1.89795e-027,1.89795e-027,1.89795e-027,1.89795e-027,1.89795e-027,1.89795e-027,1.89795e-027,1.89795e-027,
1.97165e-027,1.97165e-027,1.97165e-027,1.97165e-027,1.97165e-027,1.97165e-027,1.97165e-027,1.97165e-027,1.97165e-027,1.97165e-027,1.97165e-027,1.97165e-027,1.97165e-027,1.97165e-027,
2.29623e-027,2.29623e-027,2.29623e-027,2.29623e-027,2.29623e-027,2.29623e-027,2.29623e-027,2.29623e-027,2.29623e-027,2.29623e-027,2.29623e-027,2.29623e-027,2.29623e-027,2.29623e-027,
2.54312e-027,2.54312e-027,2.54312e-027,2.54312e-027,2.54312e-027,2.54312e-027,2.54312e-027,2.54312e-027,2.54312e-027,2.54312e-027,2.54312e-027,2.54312e-027,2.54312e-027,2.54312e-027,
2.31721e-027,2.31721e-027,2.31721e-027,2.31721e-027,2.31721e-027,2.31721e-027,2.31721e-027,2.31721e-027,2.31721e-027,2.31721e-027,2.31721e-027,2.31721e-027,2.31721e-027,2.31721e-027,
2.7578e-027,2.7578e-027,2.7578e-027,2.7578e-027,2.7578e-027,2.7578e-027,2.7578e-027,2.7578e-027,2.7578e-027,2.7578e-027,2.7578e-027,2.7578e-027,2.7578e-027,2.7578e-027,
2.78046e-027,2.78046e-027,2.78046e-027,2.78046e-027,2.78046e-027,2.78046e-027,2.78046e-027,2.78046e-027,2.78046e-027,2.78046e-027,2.78046e-027,2.78046e-027,2.78046e-027,2.78046e-027,
2.87309e-027,2.87309e-027,2.87309e-027,2.87309e-027,2.87309e-027,2.87309e-027,2.87309e-027,2.87309e-027,2.87309e-027,2.87309e-027,2.87309e-027,2.87309e-027,2.87309e-027,2.87309e-027,
2.10822e-015,2.10822e-015,2.10822e-015,2.10822e-015,2.10822e-015,2.10822e-015,2.10822e-015,2.10822e-015,2.10822e-015,2.10822e-015,2.10822e-015,2.10822e-015,2.10822e-015,2.10822e-015,
3.50171e-027,3.50171e-027,3.50171e-027,3.50171e-027,3.50171e-027,3.50171e-027,3.50171e-027,3.50171e-027,3.50171e-027,3.50171e-027,3.50171e-027,3.50171e-027,3.50171e-027,3.50171e-027,
3.80425e-027,3.80425e-027,3.80425e-027,3.80425e-027,3.80425e-027,3.80425e-027,3.80425e-027,3.80425e-027,3.80425e-027,3.80425e-027,3.80425e-027,3.80425e-027,3.80425e-027,3.80425e-027,
4.19926e-027,4.19926e-027,4.19926e-027,4.19926e-027,4.19926e-027,4.19926e-027,4.19926e-027,4.19926e-027,4.19926e-027,4.19926e-027,4.19926e-027,4.19926e-027,4.19926e-027,4.19926e-027,
6.15479e-027,6.15479e-027,6.15479e-027,6.15479e-027,6.15479e-027,6.15479e-027,6.15479e-027,6.15479e-027,6.15479e-027,6.15479e-027,6.15479e-027,6.15479e-027,6.15479e-027,6.15479e-027,
4.7721e-027,4.7721e-027,4.7721e-027,4.7721e-027,4.7721e-027,4.7721e-027,4.7721e-027,4.7721e-027,4.7721e-027,4.7721e-027,4.7721e-027,4.7721e-027,4.7721e-027,4.7721e-027,
5.00559e-027,5.00559e-027,5.00559e-027,5.00559e-027,5.00559e-027,5.00559e-027,5.00559e-027,5.00559e-027,5.00559e-027,5.00559e-027,5.00559e-027,5.00559e-027,5.00559e-027,5.00559e-027,
5.58842e-027,5.58842e-027,5.58842e-027,5.58842e-027,5.58842e-027,5.58842e-027,5.58842e-027,5.58842e-027,5.58842e-027,5.58842e-027,5.58842e-027,5.58842e-027,5.58842e-027,5.58842e-027,
5.98814e-027,5.98814e-027,5.98814e-027,5.98814e-027,5.98814e-027,5.98814e-027,5.98814e-027,5.98814e-027,5.98814e-027,5.98814e-027,5.98814e-027,5.98814e-027,5.98814e-027,5.98814e-027,
6.68099e-027,6.68099e-027,6.68099e-027,6.68099e-027,6.68099e-027,6.68099e-027,6.68099e-027,6.68099e-027,6.68099e-027,6.68099e-027,6.68099e-027,6.68099e-027,6.68099e-027,6.68099e-027,
7.16169e-027,7.16169e-027,7.16169e-027,7.16169e-027,7.16169e-027,7.16169e-027,7.16169e-027,7.16169e-027,7.16169e-027,7.16169e-027,7.16169e-027,7.16169e-027,7.16169e-027,7.16169e-027,
7.65627e-027,7.65627e-027,7.65627e-027,7.65627e-027,7.65627e-027,7.65627e-027,7.65627e-027,7.65627e-027,7.65627e-027,7.65627e-027,7.65627e-027,7.65627e-027,7.65627e-027,7.65627e-027,
8.77651e-027,8.77651e-027,8.77651e-027,8.77651e-027,8.77651e-027,8.77651e-027,8.77651e-027,8.77651e-027,8.77651e-027,8.77651e-027,8.77651e-027,8.77651e-027,8.77651e-027,8.77651e-027,
9.51767e-027,9.51767e-027,9.51767e-027,9.51767e-027,9.51767e-027,9.51767e-027,9.51767e-027,9.51767e-027,9.51767e-027,9.51767e-027,9.51767e-027,9.51767e-027,9.51767e-027,9.51767e-027,
1.06012e-026,1.06012e-026,1.06012e-026,1.06012e-026,1.06012e-026,1.06012e-026,1.06012e-026,1.06012e-026,1.06012e-026,1.06012e-026,1.06012e-026,1.06012e-026,1.06012e-026,1.06012e-026,
1.12303e-026,1.12303e-026,1.12303e-026,1.12303e-026,1.12303e-026,1.12303e-026,1.12303e-026,1.12303e-026,1.12303e-026,1.12303e-026,1.12303e-026,1.12303e-026,1.12303e-026,1.12303e-026,
7.82414e-014,7.82414e-014,7.82414e-014,7.82414e-014,7.82414e-014,7.82414e-014,7.82414e-014,7.82414e-014,7.82414e-014,7.82414e-014,7.82414e-014,7.82414e-014,7.82414e-014,7.82414e-014,
1.47182e-026,1.47182e-026,1.47182e-026,1.47182e-026,1.47182e-026,1.47182e-026,1.47182e-026,1.47182e-026,1.47182e-026,1.47182e-026,1.47182e-026,1.47182e-026,1.47182e-026,1.47182e-026,
1.56255e-026,1.56255e-026,1.56255e-026,1.56255e-026,1.56255e-026,1.56255e-026,1.56255e-026,1.56255e-026,1.56255e-026,1.56255e-026,1.56255e-026,1.56255e-026,1.56255e-026,1.56255e-026,
1.7451e-026,1.7451e-026,1.7451e-026,1.7451e-026,1.7451e-026,1.7451e-026,1.7451e-026,1.7451e-026,1.7451e-026,1.7451e-026,1.7451e-026,1.7451e-026,1.7451e-026,1.7451e-026,
1.99402e-026,1.99402e-026,1.99402e-026,1.99402e-026,1.99402e-026,1.99402e-026,1.99402e-026,1.99402e-026,1.99402e-026,1.99402e-026,1.99402e-026,1.99402e-026,1.99402e-026,1.99402e-026,
2.25427e-026,2.25427e-026,2.25427e-026,2.25427e-026,2.25427e-026,2.25427e-026,2.25427e-026,2.25427e-026,2.25427e-026,2.25427e-026,2.25427e-026,2.25427e-026,2.25427e-026,2.25427e-026,
2.48932e-026,2.48932e-026,2.48932e-026,2.48932e-026,2.48932e-026,2.48932e-026,2.48932e-026,2.48932e-026,2.48932e-026,2.48932e-026,2.48932e-026,2.48932e-026,2.48932e-026,2.48932e-026,
2.91288e-026,2.91288e-026,2.91288e-026,2.91288e-026,2.91288e-026,2.91288e-026,2.91288e-026,2.91288e-026,2.91288e-026,2.91288e-026,2.91288e-026,2.91288e-026,2.91288e-026,2.91288e-026,
3.34028e-026,3.34028e-026,3.34028e-026,3.34028e-026,3.34028e-026,3.34028e-026,3.34028e-026,3.34028e-026,3.34028e-026,3.34028e-026,3.34028e-026,3.34028e-026,3.34028e-026,3.34028e-026,
3.84021e-026,3.84021e-026,3.84021e-026,3.84021e-026,3.84021e-026,3.84021e-026,3.84021e-026,3.84021e-026,3.84021e-026,3.84021e-026,3.84021e-026,3.84021e-026,3.84021e-026,3.84021e-026,
4.41421e-026,4.41421e-026,4.41421e-026,4.41421e-026,4.41421e-026,4.41421e-026,4.41421e-026,4.41421e-026,4.41421e-026,4.41421e-026,4.41421e-026,4.41421e-026,4.41421e-026,4.41421e-026,
5.13473e-026,5.13473e-026,5.13473e-026,5.13473e-026,5.13473e-026,5.13473e-026,5.13473e-026,5.13473e-026,5.13473e-026,5.13473e-026,5.13473e-026,5.13473e-026,5.13473e-026,5.13473e-026,
5.98983e-026,5.98983e-026,5.98983e-026,5.98983e-026,5.98983e-026,5.98983e-026,5.98983e-026,5.98983e-026,5.98983e-026,5.98983e-026,5.98983e-026,5.98983e-026,5.98983e-026,5.98983e-026,
7.01317e-026,7.01317e-026,7.01317e-026,7.01317e-026,7.01317e-026,7.01317e-026,7.01317e-026,7.01317e-026,7.01317e-026,7.01317e-026,7.01317e-026,7.01317e-026,7.01317e-026,7.01317e-026,
8.33364e-026,8.33364e-026,8.33364e-026,8.33364e-026,8.33364e-026,8.33364e-026,8.33364e-026,8.33364e-026,8.33364e-026,8.33364e-026,8.33364e-026,8.33364e-026,8.33364e-026,8.33364e-026,
9.77163e-026,9.77163e-026,9.77163e-026,9.77163e-026,9.77163e-026,9.77163e-026,9.77163e-026,9.77163e-026,9.77163e-026,9.77163e-026,9.77163e-026,9.77163e-026,9.77163e-026,9.77163e-026,
8.52468e-015,8.52468e-015,8.52468e-015,8.52468e-015,8.52468e-015,8.52468e-015,8.52468e-015,8.52468e-015,8.52468e-015,8.52468e-015,8.52468e-015,8.52468e-015,8.52468e-015,8.52468e-015,
1.47252e-025,1.47252e-025,1.47252e-025,1.47252e-025,1.47252e-025,1.47252e-025,1.47252e-025,1.47252e-025,1.47252e-025,1.47252e-025,1.47252e-025,1.47252e-025,1.47252e-025,1.47252e-025,
1.7999e-025,1.7999e-025,1.7999e-025,1.7999e-025,1.7999e-025,1.7999e-025,1.7999e-025,1.7999e-025,1.7999e-025,1.7999e-025,1.7999e-025,1.7999e-025,1.7999e-025,1.7999e-025,
2.24047e-025,2.24047e-025,2.24047e-025,2.24047e-025,2.24047e-025,2.24047e-025,2.24047e-025,2.24047e-025,2.24047e-025,2.24047e-025,2.24047e-025,2.24047e-025,2.24047e-025,2.24047e-025,
2.84165e-025,2.84165e-025,2.84165e-025,2.84165e-025,2.84165e-025,2.84165e-025,2.84165e-025,2.84165e-025,2.84165e-025,2.84165e-025,2.84165e-025,2.84165e-025,2.84165e-025,2.84165e-025,
3.64901e-025,3.64901e-025,3.64901e-025,3.64901e-025,3.64901e-025,3.64901e-025,3.64901e-025,3.64901e-025,3.64901e-025,3.64901e-025,3.64901e-025,3.64901e-025,3.64901e-025,3.64901e-025,
4.77759e-025,4.77759e-025,4.77759e-025,4.77759e-025,4.77759e-025,4.77759e-025,4.77759e-025,4.77759e-025,4.77759e-025,4.77759e-025,4.77759e-025,4.77759e-025,4.77759e-025,4.77759e-025,
6.40584e-025,6.40584e-025,6.40584e-025,6.40584e-025,6.40584e-025,6.40584e-025,6.40584e-025,6.40584e-025,6.40584e-025,6.40584e-025,6.40584e-025,6.40584e-025,6.40584e-025,6.40584e-025,
8.82684e-025,8.82684e-025,8.82684e-025,8.82684e-025,8.82684e-025,8.82684e-025,8.82684e-025,8.82684e-025,8.82684e-025,8.82684e-025,8.82684e-025,8.82684e-025,8.82684e-025,8.82684e-025,
1.26061e-024,1.26061e-024,1.26061e-024,1.26061e-024,1.26061e-024,1.26061e-024,1.26061e-024,1.26061e-024,1.26061e-024,1.26061e-024,1.26061e-024,1.26061e-024,1.26061e-024,1.26061e-024,
1.87987e-024,1.87987e-024,1.87987e-024,1.87987e-024,1.87987e-024,1.87987e-024,1.87987e-024,1.87987e-024,1.87987e-024,1.87987e-024,1.87987e-024,1.87987e-024,1.87987e-024,1.87987e-024,
3.00514e-024,3.00514e-024,3.00514e-024,3.00514e-024,3.00514e-024,3.00514e-024,3.00514e-024,3.00514e-024,3.00514e-024,3.00514e-024,3.00514e-024,3.00514e-024,3.00514e-024,3.00514e-024,
5.20321e-024,5.20321e-024,5.20321e-024,5.20321e-024,5.20321e-024,5.20321e-024,5.20321e-024,5.20321e-024,5.20321e-024,5.20321e-024,5.20321e-024,5.20321e-024,5.20321e-024,5.20321e-024,
1.02945e-023,1.02945e-023,1.02945e-023,1.02945e-023,1.02945e-023,1.02945e-023,1.02945e-023,1.02945e-023,1.02945e-023,1.02945e-023,1.02945e-023,1.02945e-023,1.02945e-023,1.02945e-023,
2.60146e-023,2.60146e-023,2.60146e-023,2.60146e-023,2.60146e-023,2.60146e-023,2.60146e-023,2.60146e-023,2.60146e-023,2.60146e-023,2.60146e-023,2.60146e-023,2.60146e-023,2.60146e-023,
1.17282e-022,1.17282e-022,1.17282e-022,1.17282e-022,1.17282e-022,1.17282e-022,1.17282e-022,1.17282e-022,1.17282e-022,1.17282e-022,1.17282e-022,1.17282e-022,1.17282e-022,1.17282e-022,
0.5,0.5,0.5,0.5,0.5,0.5,0.5,0.5,0.5,0.5,0.5,0.5,0.5,0.5,
1.52613e-022,1.52613e-022,1.52613e-022,1.52613e-022,1.52613e-022,1.52613e-022,1.52613e-022,1.52613e-022,1.52613e-022,1.52613e-022,1.52613e-022,1.52613e-022,1.52613e-022,1.52613e-022,
4.41038e-023,4.41038e-023,4.41038e-023,4.41038e-023,4.41038e-023,4.41038e-023,4.41038e-023,4.41038e-023,4.41038e-023,4.41038e-023,4.41038e-023,4.41038e-023,4.41038e-023,4.41038e-023,
2.28877e-023,2.28877e-023,2.28877e-023,2.28877e-023,2.28877e-023,2.28877e-023,2.28877e-023,2.28877e-023,2.28877e-023,2.28877e-023,2.28877e-023,2.28877e-023,2.28877e-023,2.28877e-023,
1.52071e-023,1.52071e-023,1.52071e-023,1.52071e-023,1.52071e-023,1.52071e-023,1.52071e-023,1.52071e-023,1.52071e-023,1.52071e-023,1.52071e-023,1.52071e-023,1.52071e-023,1.52071e-023,
1.16735e-023,1.16735e-023,1.16735e-023,1.16735e-023,1.16735e-023,1.16735e-023,1.16735e-023,1.16735e-023,1.16735e-023,1.16735e-023,1.16735e-023,1.16735e-023,1.16735e-023,1.16735e-023,
9.88136e-024,9.88136e-024,9.88136e-024,9.88136e-024,9.88136e-024,9.88136e-024,9.88136e-024,9.88136e-024,9.88136e-024,9.88136e-024,9.88136e-024,9.88136e-024,9.88136e-024,9.88136e-024,
9.02911e-024,9.02911e-024,9.02911e-024,9.02911e-024,9.02911e-024,9.02911e-024,9.02911e-024,9.02911e-024,9.02911e-024,9.02911e-024,9.02911e-024,9.02911e-024,9.02911e-024,9.02911e-024,
